Player,Position,Team,Date of Birth,Age,Years,Salary,AAV,Cap %,First Contract Year,Last Contract Year
Leo Carlsson,Forward,Anaheim,12/26/2004,21,5,"$90,000,000","$18,000,000",17.31%,2026-2027,2030-31
Lukas Dostal,Goalie,Anaheim,6/22/2000,26,5,"$32,500,000","$6,500,000",6.25%,2025-2026,2029-30
Jackson LaCombe,Defenseman,Anaheim,1/9/2001,25,8,"$72,000,000","$9,000,000",8.65%,2026-2027,2033-34
Rasmus Dahlin,Defenseman,Buffalo,4/13/2000,26,8,"$88,000,000","$11,000,000",10.58%,2024-2025,2031-32
Tage Thompson,Forward,Buffalo,10/30/1997,28,7,"$50,000,000","$7,142,857",6.87%,2023-2024,2029-30
Ryan McLeod,Forward,Buffalo,9/21/1999,27,4,"$20,000,000","$5,000,000",4.81%,2025-2026,2028-29
Jesperi Kotkaniemi,Forward,Carolina,7/6/2000,26,8,"$38,560,000","$4,820,000",4.63%,2022-2023,2029-30
Jaccob Slavin,Defenseman,Carolina,5/1/1994,32,8,"$51,170,000","$6,396,250",6.15%,2025-2026,2032-33
Brandon Bussi,Goalie,Carolina,6/25/1998,28,3,"$5,700,000","$1,900,000",1.83%,2026-2027,2028-29
Charlie Coyle,Forward,Columbus,3/2/1992,34,6,"$36,000,000","$6,000,000",5.77%,2026-2027,2031-32
Zach Werenski,Defenseman,Columbus,7/19/1997,29,6,"$57,500,000","$9,583,333",9.21%,2022-2023,2027-28
Jet Greaves,Goalie,Columbus,3/30/2001,25,3,"$15,000,000","$5,000,000",4.81%,2026-2027,2028-29
Yegor Sharangovich,Forward,Calgary,6/6/1998,28,5,"$28,750,000","$5,750,000",5.53%,2025-2026,2029-30
Kevin Bahl,Defenseman,Calgary,6/27/2000,26,6,"$32,100,000","$5,350,000",5.14%,2025-2026,2030-31
Dustin Wolf,Goalie,Calgary,4/16/2001,25,7,"$52,500,000","$7,500,000",7.21%,2026-2027,2032-33
Connor Bedard,Forward,Chicago,7/17/2005,21,5,"$75,000,000","$15,000,000",14.42%,2026-2027,2030-31
Tyler Bertuzzi,Forward,Chicago,2/24/1995,31,4,"$22,000,000","$5,500,000",5.29%,2024-2025,2027-28
Alex Vlasic,Defenseman,Chicago,6/5/2001,25,6,"$27,600,000","$4,600,000",4.42%,2024-2025,2029-30
Spencer Knight,Goalie,Chicago,4/19/2001,25,3,"$17,500,000","$5,833,333",5.61%,2026-2027,2028-29
Martin Necas,Forward,Colorado,1/15/1999,27,8,"$92,000,000","$11,500,000",11.06%,2026-2027,2033-34
Cale Makar,Defenseman,Colorado,10/30/1998,27,6,"$54,000,000","$9,000,000",8.65%,2021-2022,2026-27
Brett Kulak,Defenseman,Colorado,1/6/1994,32,5,"$22,500,000","$4,500,000",4.33%,2026-2027,2030-31
MacKenzie Blackwood,Goalie,Colorado,12/9/1996,29,5,"$26,250,000","$5,250,000",5.05%,2025-2026,2029-30
Radek Faksa,Forward,Dallas,1/9/1994,32,3,"$6,000,000","$2,000,000",1.92%,2025-2026,2027-28
Esa Lindell,Defenseman,Dallas,5/23/1994,32,5,"$26,250,000","$5,250,000",5.05%,2025-2026,2029-30
Jake Oettinger,Goalie,Dallas,12/18/1998,27,8,"$66,000,000","$8,250,000",7.93%,2025-2026,2032-33
Keegan Kolesar,Forward,Detroit,4/8/1997,29,3,"$7,500,000","$2,500,000",2.40%,2025-2026,2027-28
Moritz Seider,Defenseman,Detroit,4/6/2001,25,7,"$59,850,000","$8,550,000",8.22%,2024-2025,2030-31
John Gibson,Goalie,Detroit,7/14/1993,33,8,"$51,200,000","$6,400,000",6.15%,2019-2020,2026-27
Leon Draisaitl,Forward,Edmonton,10/27/1995,30,8,"$112,000,000","$14,000,000",13.46%,2025-2026,2032-33
Trent Frederic,Forward,Edmonton,2/11/1998,28,8,"$30,800,000","$3,850,000",3.70%,2025-2026,2032-33
Jake Walman,Defenseman,Edmonton,2/20/1996,30,7,"$49,000,000","$7,000,000",6.73%,2026-2027,2032-33
Tristan Jarry,Goalie,Edmonton,4/29/1995,31,5,"$26,880,000","$5,376,000",5.17%,2023-2024,2027-28
Sam Reinhart,Forward,Florida,11/6/1995,30,8,"$69,000,000","$8,625,000",8.29%,2024-2025,2031-32
Eetu Luostarinen,Forward,Florida,9/2/1998,28,3,"$9,000,000","$3,000,000",2.88%,2024-2025,2026-27
Radko Gudas,Defenseman,Florida,6/5/1990,36,6,"$9,000,000","$1,500,000",1.44%,2026-2027,2031-32
Jacob Markstrom,Goalie,Florida,1/31/1990,36,2,"$12,000,000","$6,000,000",5.77%,2026-2027,2027-28
Adrian Kempe,Forward,Los Angeles,9/13/1996,30,8,"$85,000,000","$10,625,000",10.22%,2026-2027,2033-34
Brandt Clarke,Defenseman,Los Angeles,2/9/2003,23,5,"$37,000,000","$7,400,000",7.12%,2026-2027,2030-31
Darcy Kuemper,Goalie,Los Angeles,5/5/1990,36,5,"$26,250,000","$5,250,000",5.05%,2022-2023,2026-27
Kirill Kaprizov,Forward,Minnesota,4/26/1997,29,8,"$136,000,000","$17,000,000",16.35%,2026-2027,2033-34
Joel Eriksson Ek,Forward,Minnesota,1/29/1997,29,8,"$42,000,000","$5,250,000",5.05%,2021-2022,2028-29
Brock Faber,Defenseman,Minnesota,8/22/2002,24,8,"$68,000,000","$8,500,000",8.17%,2025-2026,2032-33
Filip Gustavsson,Goalie,Minnesota,6/7/1998,28,5,"$34,000,000","$6,800,000",6.54%,2026-2027,2030-31
Cole Caufield,Forward,Montreal,1/2/2001,25,8,"$62,800,000","$7,850,000",7.55%,2023-2024,2030-31
Jake Evans,Forward,Montreal,6/2/1996,30,4,"$11,400,000","$2,850,000",2.74%,2025-2026,2028-29
Noah Dobson,Defenseman,Montreal,1/7/2000,26,8,"$76,000,000","$9,500,000",9.13%,2025-2026,2032-33
Samuel Montembeault,Goalie,Montreal,10/30/1996,29,3,"$9,450,000","$3,150,000",3.03%,2024-2025,2026-27
Jack Hughes,Forward,New Jersey,5/14/2001,25,8,"$64,000,000","$8,000,000",7.69%,2022-2023,2029-30
Brad Pesce,Defenseman,New Jersey,11/15/1994,31,6,"$33,000,000","$5,500,000",5.29%,2024-2025,2029-30
Luke Hughes,Defenseman,New Jersey,9/9/2003,23,7,"$63,000,000","$9,000,000",8.65%,2025-2026,2031-32
Jake Allen,Goalie,New Jersey,8/7/1990,36,5,"$9,000,000","$1,800,000",1.73%,2025-2026,2029-30
Filip Forsberg,Forward,Nashville,8/13/1994,32,8,"$68,000,000","$8,500,000",8.17%,2022-2023,2029-30
Roman Josi,Defenseman,Nashville,6/1/1990,36,8,"$72,470,000","$9,058,750",8.71%,2020-2021,2027-28
Juuse Saros,Goalie,Nashville,4/19/1995,31,8,"$61,920,000","$7,740,000",7.44%,2025-2026,2032-33
Mathew Barzal,Forward,New York Islanders,5/26/1997,29,8,"$73,200,000","$9,150,000",8.80%,2023-2024,2030-31
Casey Cizikas,Forward,New York Islanders,2/27/1991,35,6,"$15,000,000","$2,500,000",2.40%,2021-2022,2026-27
Adam Pelech,Defenseman,New York Islanders,8/16/1994,32,8,"$46,000,000","$5,750,000",5.53%,2021-2022,2028-29
Ilya Sorokin,Goalie,New York Islanders,8/4/1995,31,8,"$66,000,000","$8,250,000",7.93%,2024-2025,2031-32
Pavel Dorofeyev,Forward,New York Rangers,10/26/2000,25,7,"$77,000,000","$11,000,000",10.58%,2026-2027,2032-33
J.T. Miller,Forward,New York Rangers,3/14/1993,33,7,"$56,000,000","$8,000,000",7.69%,2023-2024,2029-30
Adam Fox,Defenseman,New York Rangers,2/17/1998,28,7,"$66,500,000","$9,500,000",9.13%,2022-2023,2028-29
Igor Shesterkin,Goalie,New York Rangers,12/30/1995,30,8,"$92,480,000","$11,560,000",11.12%,2025-2026,2032-33
Dylan Cozens,Forward,Ottawa,2/9/2001,25,7,"$49,700,000","$7,100,000",6.83%,2023-2024,2029-30
Nick Cousins,Forward,Ottawa,7/20/1993,33,2,"$3,180,000","$1,590,000",1.53%,2026-2027,2027-28
Jake Sanderson,Defenseman,Ottawa,7/8/2002,24,8,"$64,400,000","$8,050,000",7.74%,2024-2025,2031-32
Linus Ullmark,Goalie,Ottawa,7/31/1993,33,4,"$33,000,000","$8,250,000",7.93%,2025-2026,2028-29
Sean Couturier,Forward,Philadelphia,12/7/1992,33,8,"$62,000,000","$7,750,000",7.45%,2022-2023,2029-30
Christian Dvorak,Forward,Philadelphia,2/2/1996,30,5,"$25,750,000","$5,150,000",4.95%,2026-2027,2030-31
Travis Sanheim,Defenseman,Philadelphia,3/29/1996,30,8,"$50,000,000","$6,250,000",6.01%,2023-2024,2030-31
Joseph Woll,Goalie,Philadelphia,7/12/1998,28,3,"$11,000,000","$3,666,667",3.53%,2025-2026,2027-28
Bryan Rust,Forward,Pittsburgh,5/11/1992,34,6,"$30,750,000","$5,125,000",4.93%,2022-2023,2027-28
Justin Brazeau,Forward,Pittsburgh,2/2/1998,28,2,"$3,000,000","$1,500,000",1.44%,2025-2026,2026-27
Trevor van Riemsdyk,Defenseman,Pittsburgh,7/24/1991,35,2,"$8,000,000","$4,000,000",3.85%,2026-2027,2027-28
Arturs Silovs,Goalie,Pittsburgh,3/22/2001,25,1,"$2,800,000","$2,800,000",2.69%,2026-2027,2026-27
Jordan Eberle,Forward,Seattle,5/15/1990,36,2,"$11,000,000","$5,500,000",5.29%,2026-2027,2027-28
Matty Beniers,Forward,Seattle,11/5/2002,23,7,"$50,000,000","$7,142,857",6.87%,2024-2025,2030-31
Brandon Montour,Defenseman,Seattle,4/11/1994,32,7,"$50,000,000","$7,142,857",6.87%,2024-2025,2030-31
Joey Daccord,Goalie,Seattle,8/19/1996,30,5,"$25,000,000","$5,000,000",4.81%,2025-2026,2029-30
Tyler Toffoli,Forward,San Jose,4/24/1992,34,4,"$24,000,000","$6,000,000",5.77%,2024-2025,2027-28
Kiefer Sherwood,Forward,San Jose,3/31/1995,31,5,"$28,750,000","$5,750,000",5.53%,2026-2027,2030-31
Jacob Trouba,Defenseman,San Jose,2/26/1994,32,4,"$33,000,000","$8,250,000",7.93%,2026-2027,2029-30
Alex Nedeljkovic,Goalie,San Jose,1/7/1996,30,2,"$6,000,000","$3,000,000",2.88%,2026-2027,2027-28
Robert Thomas,Forward,St. Louis,7/2/1999,27,8,"$65,000,000","$8,125,000",7.81%,2023-2024,2030-31
Philip Broberg,Defenseman,St. Louis,6/25/2001,25,6,"$48,000,000","$8,000,000",7.69%,2026-2027,2031-32
Cam Fowler,Defenseman,St. Louis,12/5/1991,34,3,"$18,300,000","$6,100,000",5.87%,2026-2027,2028-29
Jordan Binnington,Goalie,St. Louis,7/11/1993,33,6,"$36,000,000","$6,000,000",5.77%,2021-2022,2026-27
Jake Guentzel,Forward,Tampa Bay,10/6/1994,32,7,"$63,000,000","$9,000,000",8.65%,2024-2025,2030-31
Anthony Cirelli,Forward,Tampa Bay,7/15/1997,29,8,"$50,000,000","$6,250,000",6.01%,2023-2024,2030-31
Jeffrey Viel,Forward,Tampa Bay,1/28/1997,29,5,"$12,500,000","$2,500,000",2.40%,2026-2027,2030-31
Erik Cernak,Defenseman,Tampa Bay,5/28/1997,29,8,"$41,600,000","$5,200,000",5.00%,2023-2024,2030-31
Andrei Vasilevskiy,Goalie,Tampa Bay,7/25/1994,32,8,"$76,000,000","$9,500,000",9.13%,2020-2021,2027-28
William Nylander,Forward,Toronto,5/1/1996,30,8,"$92,000,000","$11,500,000",11.06%,2024-2025,2031-32
Nick Paul,Forward,Toronto,3/20/1995,31,7,"$22,050,000","$3,150,000",3.03%,2022-2023,2028-29
Darren Raddysh,Defenseman,Toronto,2/28/1996,30,8,"$68,000,000","$8,500,000",8.17%,2026-2027,2033-34
Oliver Ekman-Larsson,Defenseman,Toronto,7/17/1991,35,4,"$14,000,000","$3,500,000",3.37%,2024-2025,2027-28
Sergei Bobrovsky,Goalie,Toronto,9/20/1988,38,3,"$21,000,000","$7,000,000",6.73%,2026-2027,2028-29
Logan Cooley,Forward,Utah,5/4/2004,22,8,"$80,000,000","$10,000,000",9.62%,2026-2027,2033-34
Brandon Tanev,Forward,Utah,12/31/1991,34,3,"$7,500,000","$2,500,000",2.40%,2025-2026,2027-28
Mikhail Sergachev,Defenseman,Utah,6/25/1998,28,8,"$68,000,000","$8,500,000",8.17%,2023-2024,2030-31
Nate Schmidt,Defenseman,Utah,7/16/1991,35,3,"$10,500,000","$3,500,000",3.37%,2025-2026,2027-28
Karel Vejmelka,Goalie,Utah,5/25/1996,30,5,"$23,750,000","$4,750,000",4.57%,2025-2026,2029-30
Brock Boeser,Forward,Vancouver,2/25/1997,29,7,"$50,750,000","$7,250,000",6.97%,2025-2026,2031-32
Filip Hronek,Defenseman,Vancouver,11/2/1997,28,8,"$58,000,000","$7,250,000",6.97%,2024-2025,2031-32
Kevin Lankinen,Goalie,Vancouver,4/28/1995,31,5,"$22,500,000","$4,500,000",4.33%,2025-2026,2029-30
Jack Eichel,Forward,Vegas,10/28/1996,29,8,"$108,000,000","$13,500,000",12.98%,2026-2027,2033-34
Mark Stone,Forward,Vegas,5/13/1992,34,8,"$76,000,000","$9,500,000",9.13%,2019-2020,2026-27
Shea Theodore,Defenseman,Vegas,8/3/1995,31,7,"$51,980,000","$7,425,714",7.14%,2025-2026,2031-32
Brayden McNabb,Defenseman,Vegas,1/21/1991,35,3,"$10,950,000","$3,650,000",3.51%,2025-2026,2027-28
Adin Hill,Goalie,Vegas,5/11/1996,30,6,"$37,500,000","$6,250,000",6.01%,2025-2026,2030-31
Mark Scheifele,Forward,Winnipeg,3/15/1993,33,7,"$59,500,000","$8,500,000",8.17%,2024-2025,2030-31
Nino Niederreiter,Forward,Winnipeg,9/8/1992,34,3,"$12,000,000","$4,000,000",3.85%,2024-2025,2026-27
Neal Pionk,Defenseman,Winnipeg,7/29/1995,31,6,"$42,000,000","$7,000,000",6.73%,2025-2026,2030-31
Mario Ferraro,Defenseman,Winnipeg,9/17/1998,28,3,"$12,000,000","$4,000,000",3.85%,2026-2027,2028-29
Connor Hellebuyck,Goalie,Winnipeg,5/19/1993,33,7,"$59,500,000","$8,500,000",8.17%,2024-2025,2030-31
Pierre-Luc Dubois,Forward,Washington,6/24/1998,28,8,"$68,000,000","$8,500,000",8.17%,2023-2024,2030-31
Dylan Strome,Forward,Washington,3/7/1997,29,5,"$25,000,000","$5,000,000",4.81%,2023-2024,2027-28
Jakob Chychrun,Defenseman,Washington,3/31/1998,28,8,"$72,000,000","$9,000,000",8.65%,2025-2026,2032-33
Logan Thompson,Goalie,Washington,2/25/1997,29,6,"$35,100,000","$5,850,000",5.63%,2025-2026,2030-31